0|Tasty Soft Pants|Sequi aut harum qui vitae eum qui.|Dolorem dolorum sequi aut eos aliquam. Esse delectus necessitatibus veniam voluptatem.|Towels|$827.00
1|Handmade Granite Pizza|Qui aliquam est rerum occaecati suscipit.|Minima repellendus voluptatum vel aut natus. Quis nisi a ea rerum qui fuga qui beatae.|Pizza|$361.00
2|Incredible Rubber Bacon|Ipsam possimus autem ea voluptatem harum.|Eos earum corrupti voluptatem et aut et rerum doloremque. Modi amet laboriosam voluptates dicta pariatur labore voluptatum.|Chicken|$232.00
3|Intelligent Steel Pizza|Esse et atque fugit ut beatae aut voluptatibus pariatur qui.|Sunt eveniet voluptatum a nihil. Quisquam consectetur sed sint fuga consequatur consectetur.|Shoes|$482.00
4|Ergonomic Granite Chips|Omnis ut ut quos reprehenderit sit est consequatur.|Ut ab sit nihil ea ut quisquam similique doloremque est. Minus omnis pariatur suscipit ducimus.|Chicken|$949.00
5|Fantastic Soft Mouse|Sit eligendi veritatis ullam ut illum rem.|Reprehenderit eveniet voluptas aut laborum. Enim libero eum consequuntur.|Fish|$504.00
6|Unbranded Rubber Shirt|Ipsa molestiae qui eum aut qui magni in.|Perferendis optio nobis accusantium dolorum iste quis distinctio. Vero aspernatur ratione distinctio harum quos eos consequatur.|Bacon|$174.00
7|Handmade Wooden Ball|Facilis ea ut est.|Fugiat vitae aut et aliquam perferendis corrupti aut maxime. Magnam aut et distinctio et quia deleniti.|Table|$49.00
8|Small Granite Shoes|Qui vero cumque tempore dolores et odio.|Excepturi necessitatibus qui ullam quisquam est quis accusantium et. Mollitia eius nihil temporibus voluptatem nam neque veniam dolor.|Shoes|$268.00
9|Small Soft Chair|Voluptatem architecto facere dolorum id.|Voluptas neque cum iste quis aut aut. Excepturi ut doloremque aut sequi ut minus provident odio enim.|Computer|$157.00
10|Handcrafted Concrete Chicken|Aut quod non fugiat odit suscipit voluptatem molestias.|Reiciendis facere aliquam ea quia qui quod et. Qui omnis et velit.|Tuna|$777.00
11|Intelligent Steel Mouse|Et consequatur voluptas sed cumque aut voluptas.|Quia recusandae id quia et repellat ab adipisci. Ipsum non nihil qui voluptatem facilis eos neque sit.|Bike|$17.00
12|Refined Cotton Sausages|Vero magni vel debitis fugit ipsa repudiandae.|Fugit consequatur sapiente officiis quo assumenda autem laboriosam nobis. Vitae tempora perspiciatis velit saepe nisi hic commodi laudantium.|Sausages|$821.00
13|Rustic Soft Soap|Architecto impedit mollitia quibusdam praesentium distinctio fugiat ex cupiditate.|Molestiae voluptatem odit impedit sunt temporibus accusamus. Quis enim velit non porro.|Chips|$923.00
14|Handmade Soft Hat|Id ut quia.|Voluptatibus eos alias. Assumenda assumenda enim voluptatem id necessitatibus modi aliquam.|Mouse|$570.00
15|Generic Wooden Cheese|Assumenda eaque in.|Autem doloribus est autem dolores deserunt. Excepturi aliquam maiores occaecati aspernatur.|Chicken|$428.00
16|Handmade Wooden Tuna|Numquam est culpa quibusdam quae eveniet.|Aut qui aspernatur tempora dolore ipsa itaque dolor. Voluptatem animi aut dolore et fugit.|Hat|$153.00
17|Tasty Soft Salad|Repellat animi ut aspernatur.|Beatae sed et qui sint vel. Unde non quos ducimus consequatur enim enim voluptas minus.|Towels|$474.00
18|Handmade Frozen Cheese|Inventore velit velit aut perspiciatis odio.|Officia provident omnis necessitatibus dolorem quis. Alias voluptatem sed corporis fugiat vel reiciendis at rerum esse.|Chicken|$292.00
19|Unbranded Frozen Pizza|Delectus ad inventore ratione quis ipsam.|Eaque et aut tempore et similique quas assumenda. Delectus fugiat sapiente.|Ball|$433.00
20|Sleek Fresh Towels|Nulla quia quis minus commodi reiciendis eius.|Quaerat molestiae occaecati iusto error. Magni et velit corrupti sit ad voluptas impedit aut quia.|Table|$545.00
21|Gorgeous Granite Hat|Distinctio est aliquid facilis distinctio.|Maxime doloremque expedita amet non sit. Necessitatibus quasi unde et blanditiis.|Bike|$784.00
22|Awesome Granite Chair|Possimus itaque minima.|Culpa nemo qui enim et quis illo quis quia. Non doloribus ducimus accusantium.|Towels|$360.00
23|Unbranded Rubber Ball|Omnis sed sint aut.|Ut quis error culpa ut ad quo quia. Voluptas ipsa minus omnis sed est cupiditate enim.|Shirt|$855.00
24|Rustic Metal Shoes|Eligendi aliquid aut recusandae mollitia delectus velit consequatur quia voluptatem.|Aliquid impedit sint sed repellendus omnis est quo laborum. Totam itaque totam iste distinctio.|Bacon|$345.00
25|Unbranded Cotton Salad|Odio quia ullam.|Debitis eius molestiae qui tempora veritatis. Soluta non in error odio quis rerum commodi ut.|Shirt|$200.00
26|Intelligent Soft Hat|Consectetur labore ipsa.|Cumque omnis eum reprehenderit rerum delectus quibusdam velit. Reprehenderit excepturi inventore voluptatibus et qui.|Shoes|$886.00
27|Practical Rubber Bike|Rem nisi reprehenderit voluptatem.|Error velit incidunt. Non culpa quae velit vel id nihil modi voluptatem totam.|Chicken|$578.00
28|Rustic Granite Mouse|Eum aut quia animi id consequatur.|Inventore nemo repellendus ut. Rem molestias dignissimos fugit blanditiis suscipit.|Towels|$853.00
29|Small Metal Chair|Sed dolor est eum blanditiis deleniti esse quo quisquam.|Repudiandae dolores qui delectus reprehenderit voluptas quibusdam autem fugiat. Quia occaecati libero et amet in animi accusantium sit.|Ball|$459.00
30|Handmade Rubber Soap|Maxime tempore animi quis porro illum illum voluptate quos ut.|Excepturi distinctio totam eum non ipsam ut et iste. Ut fuga nam iusto explicabo et ex aut.|Chicken|$200.00
31|Generic Cotton Pants|Repellat necessitatibus et id nam dolores voluptatibus.|Ut a in. Omnis omnis dicta eaque vitae est ut consequatur.|Tuna|$725.00
32|Incredible Plastic Towels|Repellat aliquam numquam in sit consequatur facilis sed et.|Soluta ab assumenda iure doloremque rerum pariatur. Facilis sint eum et omnis.|Towels|$641.00
33|Fantastic Soft Bacon|Saepe eum ut voluptas ut odit enim.|Incidunt qui sit expedita voluptate nam voluptate tempore laborum quia. Harum nulla quia.|Pizza|$851.00
34|Small Rubber Gloves|Mollitia molestiae rerum velit dicta eum perspiciatis.|Voluptate reiciendis nisi voluptatem. Et aliquam provident autem tenetur ullam amet non.|Sausages|$525.00
35|Handmade Soft Keyboard|Quae rem delectus dolor fugiat temporibus et et quos.|Est non earum sunt. Quis commodi impedit eos fugit eius ullam eveniet iusto quo.|Bacon|$755.00
36|Unbranded Cotton Fish|Architecto ratione aspernatur alias aut id.|Atque qui eum ut qui qui omnis consectetur. Voluptas exercitationem dignissimos aliquid ut est est temporibus perferendis vitae.|Chips|$428.00
37|Incredible Concrete Soap|Ullam temporibus dolore ipsam.|Facilis nulla tempora dolores ipsum nisi. Ipsam nihil ratione odit ut est ut aut.|Chips|$421.00
38|Tasty Concrete Bike|Amet cupiditate pariatur quia quod facilis.|Sed commodi rerum nisi. Accusamus vel natus perferendis facere veritatis ut ipsum voluptatem libero.|Towels|$797.00
39|Incredible Frozen Hat|Voluptatem earum eum ab.|Corrupti id quo ut voluptates. Ut voluptates est doloremque at.|Computer|$341.00
40|Handcrafted Plastic Sausages|Aperiam in mollitia harum tempora magni quaerat sequi.|Et iste voluptatem. Laborum occaecati molestiae quos earum officiis quae est.|Pants|$609.00
41|Sleek Frozen Tuna|Libero quibusdam et quis vero at praesentium id vero placeat.|Unde aut doloremque reprehenderit qui illo ut ab. Amet quisquam facilis voluptatibus dolores aperiam.|Pants|$187.00
42|Fantastic Fresh Cheese|Eos ut dolor amet placeat et minus ea iste.|Aspernatur alias iusto quia soluta autem suscipit sed voluptas ab. Voluptas sed nihil doloribus et blanditiis est sit quos ut.|Soap|$45.00
43|Practical Concrete Pants|Quod tenetur enim dolorem aut et nostrum aspernatur.|Aut ipsa ipsa ducimus. Et at dolor libero numquam praesentium nemo.|Computer|$557.00
44|Handmade Wooden Gloves|Qui in quaerat rerum nam et.|In ut quia doloribus quo adipisci amet aliquid atque. Ullam suscipit et esse excepturi voluptatem nisi consectetur.|Fish|$201.00
45|Tasty Granite Mouse|Quia optio hic consectetur exercitationem unde maiores omnis facere.|Molestiae fugiat aut nulla quia maiores sit. Rem voluptatem ut vero mollitia.|Pants|$754.00
46|Handcrafted Fresh Fish|Fugit enim et harum ipsa delectus.|Quia explicabo dolores vitae dignissimos ut. Aut adipisci earum reprehenderit ipsa impedit atque alias.|Chips|$163.00
47|Handcrafted Plastic Bacon|Sit deleniti temporibus qui in asperiores.|In nulla molestias iusto reiciendis eos. Temporibus tempore quisquam eum.|Computer|$133.00
48|Tasty Cotton Computer|Veritatis voluptatem quisquam distinctio assumenda.|Dolor corporis dolores architecto itaque sit. Sint ad autem.|Table|$135.00
49|Refined Concrete Towels|Libero autem animi impedit debitis.|Velit doloribus asperiores tempora. Nihil sit qui voluptates corrupti perferendis id dolores accusamus.|Shoes|$30.00
50|Handcrafted Granite Salad|Est maxime incidunt.|At possimus et alias et in unde at inventore. Occaecati voluptatem consequatur minus sit eaque at.|Ball|$189.00
51|Refined Concrete Shirt|Laboriosam numquam officia animi dolorum quis molestiae ipsum omnis.|Velit et reprehenderit molestias id assumenda ut nihil. A suscipit commodi et aperiam nostrum.|Ball|$522.00
52|Refined Wooden Gloves|Est provident est repellat beatae necessitatibus ex iste.|Et tempore perspiciatis. Consequuntur molestiae ea ab unde nihil.|Chair|$155.00
53|Gorgeous Cotton Ball|Aut et aut praesentium qui consequuntur culpa necessitatibus asperiores.|Sit est sint voluptatum reprehenderit. Sunt velit sed harum odio fugit soluta corrupti.|Pants|$646.00
54|Tasty Frozen Salad|Qui est qui molestiae beatae in dolores eos.|Delectus saepe autem saepe fuga. Temporibus culpa quidem iure et ipsam occaecati magnam enim temporibus.|Pizza|$491.00
55|Unbranded Frozen Fish|Occaecati labore modi tenetur vero ut.|Aperiam eos tempora eaque animi. Ab voluptas quidem commodi et autem vitae.|Gloves|$164.00
56|Generic Metal Computer|Sed dolores nihil commodi exercitationem praesentium quos suscipit neque.|Nisi ipsam quis sed hic. Labore earum quia est qui quia reiciendis autem quibusdam voluptatem.|Shirt|$759.00
57|Rustic Granite Towels|Nisi iure culpa facilis.|Incidunt quo fugiat. Beatae itaque et est officia.|Hat|$250.00
58|Practical Concrete Ball|Voluptatem voluptas sint inventore repudiandae illum aut.|Et qui ratione est. Omnis optio modi nostrum.|Mouse|$674.00
59|Fantastic Granite Pants|Et voluptate officiis enim sit et rem facilis.|Quia voluptas eveniet eveniet molestias architecto et consequatur recusandae laudantium. Qui rerum molestiae unde autem sunt aliquid fuga placeat qui.|Keyboard|$91.00
60|Intelligent Steel Fish|Quisquam veniam recusandae.|Minus placeat minima. Ducimus expedita omnis neque incidunt.|Car|$919.00
61|Generic Metal Tuna|Minima officia consequatur eveniet cum.|Autem ut alias et harum beatae aut at esse earum. Dolor dolorum dolor consequuntur enim distinctio.|Chips|$631.00
62|Awesome Wooden Cheese|Ipsam facilis cum ut.|Similique sed omnis nam. Nesciunt omnis blanditiis perferendis est.|Chair|$612.00
63|Unbranded Concrete Car|Sequi autem sit rerum accusamus sint deleniti ipsum.|Numquam vel ipsum non. Accusantium velit ab eveniet repellendus dolorem ducimus.|Keyboard|$565.00
64|Awesome Frozen Soap|Odit aut aut vel reiciendis porro.|Aut est atque reiciendis ut eveniet laudantium et alias. Itaque necessitatibus eaque non.|Hat|$437.00
65|Sleek Steel Hat|Deleniti recusandae sit.|Alias et quibusdam quidem. Eligendi quas deleniti suscipit necessitatibus in.|Gloves|$154.00
66|Practical Rubber Computer|Commodi iusto nobis quam quia ipsam assumenda aut.|Nam fugiat unde laudantium molestias aspernatur esse. Voluptatem nostrum dolores doloribus et quasi consequatur esse omnis et.|Car|$744.00
67|Ergonomic Plastic Bike|Rerum impedit a adipisci consequatur veritatis.|Fuga dignissimos nesciunt nisi non quis accusamus dolores aut est. Molestias tempore fugit ea sit nihil dolores.|Car|$919.00
68|Tasty Frozen Bike|Doloremque inventore quod cumque incidunt.|Quos iure iusto mollitia tempore natus voluptas. Dolor consequatur consequatur esse dolorum non ut.|Tuna|$856.00
69|Incredible Granite Shoes|Eligendi et laborum itaque.|Assumenda adipisci quis molestiae id quo. Rerum perferendis veritatis voluptatem doloribus.|Gloves|$597.00
70|Refined Wooden Mouse|Facere velit iste.|Facere et rerum veniam eligendi delectus officia. Deleniti harum dignissimos voluptas dolor ut asperiores doloribus ut.|Pants|$487.00
71|Generic Metal Chicken|Perferendis ipsum nihil.|Labore explicabo sequi quia qui iste enim. Debitis itaque voluptatem commodi maxime quisquam.|Chair|$760.00
72|Ergonomic Frozen Keyboard|In sint ut corporis omnis modi iste eveniet nisi.|Consequatur sit officiis. Qui porro enim qui aut quia odit libero nam quos.|Chair|$748.00
73|Fantastic Frozen Shoes|Veniam nihil rerum voluptas.|Quia accusamus qui. Nostrum voluptatem aliquam natus dolores placeat nihil.|Salad|$853.00
74|Handcrafted Wooden Soap|Quaerat et sunt.|Voluptas officia sed eos porro rerum earum debitis. Sapiente qui nulla.|Keyboard|$121.00
75|Licensed Rubber Ball|Voluptates sint labore ut ipsum architecto voluptas qui nostrum dolorem.|Voluptatem voluptatem minus. Totam sunt rerum.|Shirt|$209.00
76|Handmade Concrete Bacon|Quisquam sint soluta quis ut quia excepturi sit possimus.|Iusto explicabo ut animi magnam nulla ut harum. Omnis voluptas aut expedita.|Keyboard|$391.00
77|Unbranded Granite Bacon|Ex qui laboriosam voluptas a doloremque soluta blanditiis architecto.|Esse doloremque et quidem eaque itaque est. Excepturi dolor consequatur quo quibusdam aliquid.|Soap|$521.00
78|Intelligent Plastic Gloves|Ut distinctio ipsa laudantium esse beatae cumque.|Aut non placeat id. Dolor eaque doloribus facere vitae dolorem nam.|Tuna|$56.00
79|Rustic Soft Table|Officiis atque suscipit est qui.|Excepturi eos officiis et rem sint praesentium harum. Quo tempore occaecati nostrum nulla qui sit beatae.|Table|$883.00
80|Ergonomic Fresh Soap|Non non provident est sit odit molestiae est.|Dolorem fuga a. Reprehenderit doloremque repudiandae eos temporibus ullam debitis qui alias deserunt.|Fish|$342.00
81|Practical Cotton Soap|Est labore laboriosam voluptate laudantium deserunt odio ducimus.|Eius est aperiam sunt recusandae. Omnis doloremque consectetur sapiente quia nam qui.|Salad|$324.00
82|Handmade Concrete Hat|Magnam laboriosam qui tenetur necessitatibus eos vel quasi unde minima.|Et quo quasi commodi illo adipisci voluptas. Voluptatem voluptas incidunt exercitationem qui velit dolores enim quaerat.|Table|$159.00
83|Fantastic Fresh Bacon|Qui provident deserunt.|Dolor voluptatem nesciunt est laudantium voluptate optio. Reiciendis et expedita ut vel incidunt quas.|Sausages|$897.00
84|Refined Cotton Gloves|Laborum molestias molestias ex accusamus repellat in temporibus.|Eveniet perspiciatis dolorum saepe officiis quos est. Sunt tenetur veritatis deserunt.|Tuna|$966.00
85|Generic Granite Cheese|Et sit perspiciatis ipsum autem aut enim eaque.|Quisquam rerum dolor. Cum omnis voluptas esse maxime eius consequatur exercitationem tempore.|Tuna|$214.00
86|Practical Plastic Bike|Quo sunt quo facere voluptas sunt illum cum.|Qui error qui nemo itaque. Aut non velit officiis ut ea.|Fish|$969.00
87|Licensed Fresh Chair|Ut quis consectetur aut sed odit sunt asperiores id.|Est harum laborum eligendi quo qui blanditiis quo asperiores. Quis aut hic ipsam.|Pizza|$963.00
88|Small Plastic Bike|Et perferendis tempore nulla qui et.|Tempore est ipsum. Iste aut totam omnis nesciunt recusandae illo et non.|Keyboard|$710.00
89|Gorgeous Soft Chair|Ipsa et laudantium.|Harum rerum porro autem. Et iure corrupti dolores sint est quo ad fugiat non.|Salad|$711.00
90|Fantastic Frozen Ball|Et in ab tenetur natus dignissimos minus.|Adipisci aut error dolorum ipsam ut soluta. Et sed est quod maxime distinctio amet dolorum quam accusantium.|Chair|$800.00
91|Rustic Steel Car|Natus sequi est.|Voluptas deserunt ut. Ipsum aut architecto illum doloribus.|Hat|$485.00
92|Fantastic Wooden Sausages|Vitae voluptatum alias voluptatem sit rem nemo velit.|Veritatis fugiat possimus sequi suscipit. Necessitatibus enim odit molestias quasi quae et.|Bacon|$726.00
93|Ergonomic Concrete Salad|At dolores repellat adipisci repellat cum perferendis nemo.|Quam veniam id sit nihil tenetur voluptatum sit inventore sequi. Inventore aut laborum.|Computer|$247.00
94|Gorgeous Metal Chips|Est perspiciatis omnis placeat officia error et reiciendis minus.|Sint aspernatur tempore itaque quis. Exercitationem maiores odio quibusdam.|Pizza|$33.00
95|Tasty Soft Soap|Excepturi alias et suscipit ad ipsam minima sunt.|Molestiae omnis quos voluptate. Architecto quidem non voluptate.|Bacon|$516.00
96|Handcrafted Wooden Shoes|Cupiditate porro nemo.|Eos sit omnis. Quidem tempore reiciendis cupiditate qui.|Hat|$908.00
97|Generic Wooden Chair|Aliquam dolor explicabo beatae eius ut.|Nemo hic voluptatem voluptas et veniam qui sed tempora nulla. Dolore ullam ullam perferendis.|Bike|$690.00
98|Licensed Fresh Gloves|Voluptatem quod quos nihil cumque quia.|Porro ut autem aperiam. Qui et saepe laborum modi.|Chair|$156.00
99|Handcrafted Frozen Fish|Magni quae nemo consequatur.|Est ex maiores. Magnam alias deserunt sint maiores vitae.|Fish|$310.00
100|Handmade Fresh Cheese|Accusantium rerum provident quia enim nihil rerum.|Consectetur quis earum in sapiente beatae. Unde dicta vel eos neque ratione eum laudantium exercitationem voluptate.|Soap|$988.00
