1|1|http://placeimg.com/640/480|http://placeimg.com/640/480
1|2|http://placeimg.com/640/480|http://placeimg.com/640/480
2|1|http://placeimg.com/640/480|http://placeimg.com/640/480
2|2|http://placeimg.com/640/480|http://placeimg.com/640/480
3|1|http://placeimg.com/640/480|http://placeimg.com/640/480
3|2|http://placeimg.com/640/480|http://placeimg.com/640/480
4|1|http://placeimg.com/640/480|http://placeimg.com/640/480
4|2|http://placeimg.com/640/480|http://placeimg.com/640/480
5|1|http://placeimg.com/640/480|http://placeimg.com/640/480
5|2|http://placeimg.com/640/480|http://placeimg.com/640/480
6|1|http://placeimg.com/640/480|http://placeimg.com/640/480
6|2|http://placeimg.com/640/480|http://placeimg.com/640/480
7|1|http://placeimg.com/640/480|http://placeimg.com/640/480
7|2|http://placeimg.com/640/480|http://placeimg.com/640/480
8|1|http://placeimg.com/640/480|http://placeimg.com/640/480
8|2|http://placeimg.com/640/480|http://placeimg.com/640/480
9|1|http://placeimg.com/640/480|http://placeimg.com/640/480
9|2|http://placeimg.com/640/480|http://placeimg.com/640/480
10|1|http://placeimg.com/640/480|http://placeimg.com/640/480
10|2|http://placeimg.com/640/480|http://placeimg.com/640/480
11|1|http://placeimg.com/640/480|http://placeimg.com/640/480
11|2|http://placeimg.com/640/480|http://placeimg.com/640/480
12|1|http://placeimg.com/640/480|http://placeimg.com/640/480
12|2|http://placeimg.com/640/480|http://placeimg.com/640/480
13|1|http://placeimg.com/640/480|http://placeimg.com/640/480
13|2|http://placeimg.com/640/480|http://placeimg.com/640/480
14|1|http://placeimg.com/640/480|http://placeimg.com/640/480
14|2|http://placeimg.com/640/480|http://placeimg.com/640/480
15|1|http://placeimg.com/640/480|http://placeimg.com/640/480
15|2|http://placeimg.com/640/480|http://placeimg.com/640/480
16|1|http://placeimg.com/640/480|http://placeimg.com/640/480
16|2|http://placeimg.com/640/480|http://placeimg.com/640/480
17|1|http://placeimg.com/640/480|http://placeimg.com/640/480
17|2|http://placeimg.com/640/480|http://placeimg.com/640/480
18|1|http://placeimg.com/640/480|http://placeimg.com/640/480
18|2|http://placeimg.com/640/480|http://placeimg.com/640/480
19|1|http://placeimg.com/640/480|http://placeimg.com/640/480
19|2|http://placeimg.com/640/480|http://placeimg.com/640/480
20|1|http://placeimg.com/640/480|http://placeimg.com/640/480
20|2|http://placeimg.com/640/480|http://placeimg.com/640/480
21|1|http://placeimg.com/640/480|http://placeimg.com/640/480
21|2|http://placeimg.com/640/480|http://placeimg.com/640/480
22|1|http://placeimg.com/640/480|http://placeimg.com/640/480
22|2|http://placeimg.com/640/480|http://placeimg.com/640/480
23|1|http://placeimg.com/640/480|http://placeimg.com/640/480
23|2|http://placeimg.com/640/480|http://placeimg.com/640/480
24|1|http://placeimg.com/640/480|http://placeimg.com/640/480
24|2|http://placeimg.com/640/480|http://placeimg.com/640/480
25|1|http://placeimg.com/640/480|http://placeimg.com/640/480
25|2|http://placeimg.com/640/480|http://placeimg.com/640/480
26|1|http://placeimg.com/640/480|http://placeimg.com/640/480
26|2|http://placeimg.com/640/480|http://placeimg.com/640/480
27|1|http://placeimg.com/640/480|http://placeimg.com/640/480
27|2|http://placeimg.com/640/480|http://placeimg.com/640/480
28|1|http://placeimg.com/640/480|http://placeimg.com/640/480
28|2|http://placeimg.com/640/480|http://placeimg.com/640/480
29|1|http://placeimg.com/640/480|http://placeimg.com/640/480
29|2|http://placeimg.com/640/480|http://placeimg.com/640/480
30|1|http://placeimg.com/640/480|http://placeimg.com/640/480
30|2|http://placeimg.com/640/480|http://placeimg.com/640/480
31|1|http://placeimg.com/640/480|http://placeimg.com/640/480
31|2|http://placeimg.com/640/480|http://placeimg.com/640/480
32|1|http://placeimg.com/640/480|http://placeimg.com/640/480
32|2|http://placeimg.com/640/480|http://placeimg.com/640/480
33|1|http://placeimg.com/640/480|http://placeimg.com/640/480
33|2|http://placeimg.com/640/480|http://placeimg.com/640/480
34|1|http://placeimg.com/640/480|http://placeimg.com/640/480
34|2|http://placeimg.com/640/480|http://placeimg.com/640/480
35|1|http://placeimg.com/640/480|http://placeimg.com/640/480
35|2|http://placeimg.com/640/480|http://placeimg.com/640/480
36|1|http://placeimg.com/640/480|http://placeimg.com/640/480
36|2|http://placeimg.com/640/480|http://placeimg.com/640/480
37|1|http://placeimg.com/640/480|http://placeimg.com/640/480
37|2|http://placeimg.com/640/480|http://placeimg.com/640/480
38|1|http://placeimg.com/640/480|http://placeimg.com/640/480
38|2|http://placeimg.com/640/480|http://placeimg.com/640/480
39|1|http://placeimg.com/640/480|http://placeimg.com/640/480
39|2|http://placeimg.com/640/480|http://placeimg.com/640/480
40|1|http://placeimg.com/640/480|http://placeimg.com/640/480
40|2|http://placeimg.com/640/480|http://placeimg.com/640/480
41|1|http://placeimg.com/640/480|http://placeimg.com/640/480
41|2|http://placeimg.com/640/480|http://placeimg.com/640/480
42|1|http://placeimg.com/640/480|http://placeimg.com/640/480
42|2|http://placeimg.com/640/480|http://placeimg.com/640/480
43|1|http://placeimg.com/640/480|http://placeimg.com/640/480
43|2|http://placeimg.com/640/480|http://placeimg.com/640/480
44|1|http://placeimg.com/640/480|http://placeimg.com/640/480
44|2|http://placeimg.com/640/480|http://placeimg.com/640/480
45|1|http://placeimg.com/640/480|http://placeimg.com/640/480
45|2|http://placeimg.com/640/480|http://placeimg.com/640/480
46|1|http://placeimg.com/640/480|http://placeimg.com/640/480
46|2|http://placeimg.com/640/480|http://placeimg.com/640/480
47|1|http://placeimg.com/640/480|http://placeimg.com/640/480
47|2|http://placeimg.com/640/480|http://placeimg.com/640/480
48|1|http://placeimg.com/640/480|http://placeimg.com/640/480
48|2|http://placeimg.com/640/480|http://placeimg.com/640/480
49|1|http://placeimg.com/640/480|http://placeimg.com/640/480
49|2|http://placeimg.com/640/480|http://placeimg.com/640/480
50|1|http://placeimg.com/640/480|http://placeimg.com/640/480
50|2|http://placeimg.com/640/480|http://placeimg.com/640/480
51|1|http://placeimg.com/640/480|http://placeimg.com/640/480
51|2|http://placeimg.com/640/480|http://placeimg.com/640/480
52|1|http://placeimg.com/640/480|http://placeimg.com/640/480
52|2|http://placeimg.com/640/480|http://placeimg.com/640/480
53|1|http://placeimg.com/640/480|http://placeimg.com/640/480
53|2|http://placeimg.com/640/480|http://placeimg.com/640/480
54|1|http://placeimg.com/640/480|http://placeimg.com/640/480
54|2|http://placeimg.com/640/480|http://placeimg.com/640/480
55|1|http://placeimg.com/640/480|http://placeimg.com/640/480
55|2|http://placeimg.com/640/480|http://placeimg.com/640/480
56|1|http://placeimg.com/640/480|http://placeimg.com/640/480
56|2|http://placeimg.com/640/480|http://placeimg.com/640/480
57|1|http://placeimg.com/640/480|http://placeimg.com/640/480
57|2|http://placeimg.com/640/480|http://placeimg.com/640/480
58|1|http://placeimg.com/640/480|http://placeimg.com/640/480
58|2|http://placeimg.com/640/480|http://placeimg.com/640/480
59|1|http://placeimg.com/640/480|http://placeimg.com/640/480
59|2|http://placeimg.com/640/480|http://placeimg.com/640/480
60|1|http://placeimg.com/640/480|http://placeimg.com/640/480
60|2|http://placeimg.com/640/480|http://placeimg.com/640/480
61|1|http://placeimg.com/640/480|http://placeimg.com/640/480
61|2|http://placeimg.com/640/480|http://placeimg.com/640/480
62|1|http://placeimg.com/640/480|http://placeimg.com/640/480
62|2|http://placeimg.com/640/480|http://placeimg.com/640/480
63|1|http://placeimg.com/640/480|http://placeimg.com/640/480
63|2|http://placeimg.com/640/480|http://placeimg.com/640/480
64|1|http://placeimg.com/640/480|http://placeimg.com/640/480
64|2|http://placeimg.com/640/480|http://placeimg.com/640/480
65|1|http://placeimg.com/640/480|http://placeimg.com/640/480
65|2|http://placeimg.com/640/480|http://placeimg.com/640/480
66|1|http://placeimg.com/640/480|http://placeimg.com/640/480
66|2|http://placeimg.com/640/480|http://placeimg.com/640/480
67|1|http://placeimg.com/640/480|http://placeimg.com/640/480
67|2|http://placeimg.com/640/480|http://placeimg.com/640/480
68|1|http://placeimg.com/640/480|http://placeimg.com/640/480
68|2|http://placeimg.com/640/480|http://placeimg.com/640/480
69|1|http://placeimg.com/640/480|http://placeimg.com/640/480
69|2|http://placeimg.com/640/480|http://placeimg.com/640/480
70|1|http://placeimg.com/640/480|http://placeimg.com/640/480
70|2|http://placeimg.com/640/480|http://placeimg.com/640/480
71|1|http://placeimg.com/640/480|http://placeimg.com/640/480
71|2|http://placeimg.com/640/480|http://placeimg.com/640/480
72|1|http://placeimg.com/640/480|http://placeimg.com/640/480
72|2|http://placeimg.com/640/480|http://placeimg.com/640/480
73|1|http://placeimg.com/640/480|http://placeimg.com/640/480
73|2|http://placeimg.com/640/480|http://placeimg.com/640/480
74|1|http://placeimg.com/640/480|http://placeimg.com/640/480
74|2|http://placeimg.com/640/480|http://placeimg.com/640/480
75|1|http://placeimg.com/640/480|http://placeimg.com/640/480
75|2|http://placeimg.com/640/480|http://placeimg.com/640/480
76|1|http://placeimg.com/640/480|http://placeimg.com/640/480
76|2|http://placeimg.com/640/480|http://placeimg.com/640/480
77|1|http://placeimg.com/640/480|http://placeimg.com/640/480
77|2|http://placeimg.com/640/480|http://placeimg.com/640/480
78|1|http://placeimg.com/640/480|http://placeimg.com/640/480
78|2|http://placeimg.com/640/480|http://placeimg.com/640/480
79|1|http://placeimg.com/640/480|http://placeimg.com/640/480
79|2|http://placeimg.com/640/480|http://placeimg.com/640/480
80|1|http://placeimg.com/640/480|http://placeimg.com/640/480
80|2|http://placeimg.com/640/480|http://placeimg.com/640/480
81|1|http://placeimg.com/640/480|http://placeimg.com/640/480
81|2|http://placeimg.com/640/480|http://placeimg.com/640/480
82|1|http://placeimg.com/640/480|http://placeimg.com/640/480
82|2|http://placeimg.com/640/480|http://placeimg.com/640/480
83|1|http://placeimg.com/640/480|http://placeimg.com/640/480
83|2|http://placeimg.com/640/480|http://placeimg.com/640/480
84|1|http://placeimg.com/640/480|http://placeimg.com/640/480
84|2|http://placeimg.com/640/480|http://placeimg.com/640/480
85|1|http://placeimg.com/640/480|http://placeimg.com/640/480
85|2|http://placeimg.com/640/480|http://placeimg.com/640/480
86|1|http://placeimg.com/640/480|http://placeimg.com/640/480
86|2|http://placeimg.com/640/480|http://placeimg.com/640/480
87|1|http://placeimg.com/640/480|http://placeimg.com/640/480
87|2|http://placeimg.com/640/480|http://placeimg.com/640/480
88|1|http://placeimg.com/640/480|http://placeimg.com/640/480
88|2|http://placeimg.com/640/480|http://placeimg.com/640/480
89|1|http://placeimg.com/640/480|http://placeimg.com/640/480
89|2|http://placeimg.com/640/480|http://placeimg.com/640/480
90|1|http://placeimg.com/640/480|http://placeimg.com/640/480
90|2|http://placeimg.com/640/480|http://placeimg.com/640/480
91|1|http://placeimg.com/640/480|http://placeimg.com/640/480
91|2|http://placeimg.com/640/480|http://placeimg.com/640/480
92|1|http://placeimg.com/640/480|http://placeimg.com/640/480
92|2|http://placeimg.com/640/480|http://placeimg.com/640/480
93|1|http://placeimg.com/640/480|http://placeimg.com/640/480
93|2|http://placeimg.com/640/480|http://placeimg.com/640/480
94|1|http://placeimg.com/640/480|http://placeimg.com/640/480
94|2|http://placeimg.com/640/480|http://placeimg.com/640/480
95|1|http://placeimg.com/640/480|http://placeimg.com/640/480
95|2|http://placeimg.com/640/480|http://placeimg.com/640/480
96|1|http://placeimg.com/640/480|http://placeimg.com/640/480
96|2|http://placeimg.com/640/480|http://placeimg.com/640/480
97|1|http://placeimg.com/640/480|http://placeimg.com/640/480
97|2|http://placeimg.com/640/480|http://placeimg.com/640/480
98|1|http://placeimg.com/640/480|http://placeimg.com/640/480
98|2|http://placeimg.com/640/480|http://placeimg.com/640/480
99|1|http://placeimg.com/640/480|http://placeimg.com/640/480
99|2|http://placeimg.com/640/480|http://placeimg.com/640/480
100|1|http://placeimg.com/640/480|http://placeimg.com/640/480
100|2|http://placeimg.com/640/480|http://placeimg.com/640/480
