1|Fantastic Concrete Tuna|Aliquam aut voluptate sit numquam inventore impedit tenetur pariatur.|Ullam possimus iure et beatae velit quas. Et sit et illo iste.|Keyboard|$838.00
2|Refined Soft Bacon|Necessitatibus impedit aut earum aliquid cumque.|Quia sequi explicabo minus temporibus qui quia explicabo tenetur eveniet. Est ex consequatur et.|Tuna|$748.00
3|Gorgeous Frozen Gloves|Odit ducimus velit.|Aperiam eum accusantium saepe rerum rerum ducimus consequatur assumenda. Velit doloribus soluta delectus.|Chicken|$75.00
4|Refined Metal Bacon|Ratione alias aliquid id autem provident dolor.|Repudiandae porro aut exercitationem natus quis. Asperiores quis culpa iste.|Pizza|$995.00
5|Sleek Fresh Soap|Dolor error et consequatur.|Vel consequatur quia sed aut nostrum non est. Sit quisquam sed rem assumenda.|Towels|$601.00
6|Practical Metal Soap|Aperiam sed et hic.|Possimus aut est nesciunt voluptatem autem tenetur aspernatur exercitationem voluptas. Eos aliquid fugiat blanditiis.|Pizza|$147.00
7|Licensed Metal Ball|Tempora cupiditate laboriosam labore architecto qui vitae.|Ullam tempore ut recusandae dicta itaque. Rem atque aut minus.|Chicken|$841.00
8|Gorgeous Soft Chair|Minima et magni et quisquam.|Atque commodi maxime debitis laudantium ratione. Ab consequatur quo eligendi hic dolores.|Cheese|$578.00
9|Unbranded Steel Car|Temporibus vel labore unde rerum doloremque.|Voluptatem pariatur vero quis suscipit sed quo. Labore consequuntur id ut est ratione recusandae minus suscipit.|Pants|$22.00
10|Intelligent Cotton Soap|Nam est natus cumque dolores quia esse.|Eius aut vero rem expedita. Molestias aliquid consequatur.|Shoes|$661.00
11|Intelligent Steel Sausages|Dolorum animi voluptatem sunt odit sed officia et minus.|Ut cupiditate id impedit voluptas unde ut. Omnis aut voluptatem et id voluptatum.|Mouse|$122.00
12|Incredible Granite Chair|Hic ut quam perferendis velit neque provident.|Autem aut nulla rem nemo rem. Unde suscipit ex expedita quos est.|Chips|$260.00
13|Incredible Metal Computer|Nemo atque voluptas enim quae quo.|Nihil dicta pariatur dicta dolores sint in aut dolores voluptatibus. Qui sunt consectetur fuga ipsum.|Sausages|$610.00
14|Licensed Fresh Shoes|Suscipit aut recusandae.|Officia mollitia dolores. Ratione sit quia eos voluptatem modi occaecati nobis dolorem.|Gloves|$386.00
15|Incredible Wooden Sausages|Animi vitae maxime.|Mollitia et quia totam. Aliquid perspiciatis ducimus quis dolores in explicabo quaerat et quo.|Pizza|$107.00
16|Small Soft Keyboard|Ullam provident eos perferendis sequi ratione.|Quae et repellendus unde vel et labore sequi. Repellendus enim inventore voluptas nobis et consequatur.|Cheese|$164.00
17|Gorgeous Steel Shoes|Beatae dolorem exercitationem ea ex ratione quos maiores.|Nihil repellendus dolor sint laboriosam porro sunt nulla. Dolor molestiae animi dolor non aut facilis sit exercitationem.|Hat|$395.00
18|Awesome Cotton Fish|Sed nulla molestias inventore quod assumenda sequi voluptates cupiditate.|Deserunt qui eos voluptatem eum illo et molestiae reiciendis. Consectetur quam illum tempore officiis est dolorem asperiores.|Towels|$749.00
19|Generic Wooden Mouse|Quas sed quia dignissimos dolore aperiam quibusdam.|Deserunt animi harum in laudantium saepe culpa. Doloremque ut non tempore et distinctio repellat eius non aspernatur.|Table|$639.00
20|Intelligent Wooden Computer|Corporis consequuntur et ullam et tempore accusamus veniam dolore.|Aut delectus dignissimos debitis deserunt deleniti. Temporibus rerum minima neque dolorem.|Pants|$632.00
21|Unbranded Cotton Salad|Consequatur aperiam omnis animi sed voluptatem autem.|Eum libero excepturi totam saepe eos molestiae. Aperiam consequuntur facilis rerum eligendi repellendus.|Towels|$583.00
22|Ergonomic Frozen Pants|Velit inventore adipisci quis consequatur dolores qui.|Tempora mollitia quasi similique tempore impedit sit sint quia ex. Dignissimos velit quas ut beatae modi ut consequatur asperiores possimus.|Soap|$711.00
23|Licensed Concrete Car|Ut vitae asperiores eos.|Officia in quidem dolorem ipsa. Repellendus fuga et.|Tuna|$599.00
24|Small Plastic Sausages|Et quasi natus.|Vitae nam ad. Quaerat provident expedita eaque magnam perferendis aut asperiores dolorum.|Towels|$758.00
25|Fantastic Cotton Shirt|Autem non qui quis placeat repellat dolores laborum.|Et iure est. Ipsam aut dolorem maxime eius.|Sausages|$263.00
26|Small Steel Chips|Quasi atque ut numquam.|Maxime et accusantium iusto. Exercitationem possimus et iste et.|Ball|$69.00
27|Fantastic Metal Towels|Dolorem ratione recusandae nulla et ut suscipit nobis.|Corporis sunt error repudiandae. Officia ut exercitationem eveniet odio eos maiores inventore nesciunt.|Fish|$438.00
28|Intelligent Steel Tuna|Et doloremque et recusandae iste reprehenderit.|Ut dolores vel ut et illo sint et. Enim culpa impedit sapiente.|Table|$51.00
29|Refined Granite Chair|Possimus laudantium adipisci qui quis sed molestias at eum.|Sed rerum voluptas voluptatem aperiam in. Similique fugiat quibusdam inventore voluptas amet.|Soap|$500.00
30|Generic Frozen Pants|Magnam non voluptates.|Rerum molestias dolorem dolores. Dolor qui non autem.|Table|$103.00
31|Intelligent Concrete Tuna|Nihil sit optio molestias error ipsam enim sapiente explicabo.|Nesciunt omnis dolor neque error. Sequi qui perferendis amet accusantium consectetur nesciunt omnis odio omnis.|Sausages|$522.00
32|Rustic Wooden Chicken|Odit adipisci est eos magnam et voluptatem fuga.|Assumenda illo illo nihil qui iure dolorem. Quisquam modi libero voluptatem numquam dolorum aliquam.|Shoes|$563.00
33|Ergonomic Metal Bacon|Fugit est consequuntur id amet sed excepturi earum iusto.|Voluptatibus laborum et tempora. Tempore sed et magnam in assumenda aliquam eaque.|Chips|$200.00
34|Unbranded Plastic Chicken|Explicabo consequatur quaerat doloremque iste.|Porro hic magnam sit non tempore autem. Enim ad sit dolores.|Towels|$679.00
35|Handcrafted Steel Bike|Non eos sequi quasi in officiis similique consequuntur accusantium.|Dolores placeat velit non alias praesentium corporis eum sequi dolores. Nobis corrupti dolores excepturi cumque voluptatem.|Computer|$879.00
36|Unbranded Soft Towels|Non perferendis quaerat.|Est quos expedita in culpa aut facilis magnam optio quia. Temporibus nesciunt quas reprehenderit corrupti.|Mouse|$200.00
37|Awesome Rubber Gloves|Sunt amet est sit aut soluta.|Rerum sed et aut qui. Ea quia qui omnis.|Chicken|$27.00
38|Awesome Rubber Chicken|Sint dolorum quisquam.|Eius aut recusandae officiis a ea incidunt ut est voluptatem. Est qui sit laudantium nisi ut minus accusamus tempora.|Shoes|$223.00
39|Licensed Wooden Pizza|Qui odit porro rerum.|Dolor dolores omnis voluptas molestias suscipit quia tempora. Nesciunt et libero quia eaque.|Soap|$682.00
40|Ergonomic Steel Tuna|Cupiditate minima atque quia repellat sit.|Consequatur impedit ex iure. Necessitatibus accusamus architecto natus error voluptatem sequi omnis.|Gloves|$182.00
41|Licensed Rubber Cheese|Blanditiis aut optio molestias in officia quam.|Et non nisi nisi maxime temporibus. Odio incidunt illum est.|Keyboard|$826.00
42|Fantastic Metal Sausages|Non nihil nobis aperiam ut tempora praesentium itaque veniam odit.|Corrupti soluta eveniet esse sed necessitatibus doloribus quo. Vitae pariatur consequatur natus.|Keyboard|$485.00
43|Intelligent Soft Hat|Quos enim vitae quasi alias reprehenderit et hic iusto.|Assumenda aut molestiae ipsum aut nisi aut. Enim rem ratione laborum dolor.|Chicken|$202.00
44|Fantastic Fresh Car|Qui nesciunt quaerat id pariatur earum mollitia vel.|Doloremque quis accusamus officiis eveniet repellendus. Sapiente possimus ad fugiat tenetur sint mollitia incidunt aspernatur ullam.|Soap|$595.00
45|Small Granite Towels|Ab praesentium saepe quia blanditiis asperiores.|Sint dicta quod unde maiores eaque corporis sint nisi nihil. Alias qui ipsam id velit omnis dicta.|Soap|$691.00
46|Rustic Granite Hat|Repellat amet consectetur minus voluptate quis sint voluptatem ipsum.|Est est error iure ullam. Voluptatem sit nostrum quia a.|Bacon|$710.00
47|Practical Fresh Pants|Aliquam suscipit saepe explicabo optio a.|Omnis non error magnam exercitationem eos nemo asperiores velit. Ab explicabo modi eligendi odio et.|Keyboard|$252.00
48|Incredible Cotton Bike|Qui quo nostrum cupiditate.|Nihil tenetur molestiae possimus id et. Impedit explicabo quis incidunt et est.|Fish|$50.00
49|Awesome Plastic Soap|Perspiciatis et adipisci deserunt quis aut ipsum.|Praesentium molestiae alias quidem ut dolorum. Iusto ratione maiores.|Shirt|$820.00
50|Awesome Cotton Tuna|Non ipsum et itaque qui beatae et sint deserunt quo.|Animi magnam molestiae alias cum beatae quia eius eum. Non distinctio ea quia id mollitia nihil ut voluptate.|Hat|$727.00
51|Tasty Frozen Keyboard|Ex dolorem optio eligendi perspiciatis.|Nostrum sapiente in vitae vitae molestias deleniti. Cupiditate quia natus minus quaerat atque omnis nihil.|Ball|$874.00
52|Incredible Wooden Soap|Minus ut aut eos quae repellat voluptas consequatur.|Fuga et hic officiis et mollitia. Laborum nihil vel dolore ullam est quasi.|Shirt|$650.00
53|Gorgeous Granite Car|Iste magni eum quaerat architecto quisquam quisquam.|Magnam ducimus voluptatibus consectetur mollitia temporibus. Reiciendis doloremque ut et et qui laboriosam quas et.|Hat|$184.00
54|Practical Soft Soap|Ab ea est perspiciatis voluptatem eveniet.|Consequuntur voluptatem quo blanditiis quasi consectetur cumque earum. Cupiditate aut autem deleniti officia cum voluptas.|Chair|$593.00
55|Generic Frozen Keyboard|Consequuntur rem nulla eos.|Deleniti velit et. Nihil deleniti itaque enim corporis et rem sunt minima.|Pizza|$638.00
56|Handcrafted Plastic Car|Laudantium tenetur nihil.|Et quasi aliquid et et pariatur consequatur. Id veritatis sunt laborum ipsa ut.|Gloves|$128.00
57|Intelligent Plastic Pants|Ipsa dolore tenetur odio.|Ut sit aut molestiae architecto velit voluptatem eveniet ut. Ea aliquid ipsam minus nihil similique.|Gloves|$108.00
58|Tasty Cotton Table|Maxime sit nemo temporibus enim aut.|Et et quidem pariatur. Pariatur laudantium vel ad consequuntur iste.|Pants|$429.00
59|Incredible Frozen Pants|Ipsam nemo consectetur ea.|Eum voluptates aut tempore asperiores ipsa ea. Ea sed officiis ipsam.|Pants|$193.00
60|Gorgeous Granite Shirt|Provident quia et harum et molestiae eaque ea eum.|Fuga ducimus et sequi omnis et perferendis earum dolorem. Sit magnam dolorum nesciunt id voluptatem quod qui.|Cheese|$491.00
61|Fantastic Steel Pants|Quia est nobis quaerat facere amet eum.|Illo autem deleniti qui. Aut vel vel doloribus.|Tuna|$888.00
62|Handcrafted Granite Bacon|Voluptatum distinctio blanditiis nemo sed velit iure temporibus quidem.|Velit qui pariatur eveniet explicabo ut cupiditate provident perferendis. Qui explicabo quia praesentium.|Computer|$884.00
63|Handmade Metal Shirt|Nihil deserunt harum cum eum reiciendis eius.|Suscipit velit optio deserunt sed non. Tempora laudantium necessitatibus mollitia.|Ball|$810.00
64|Refined Plastic Gloves|Odit nulla reprehenderit aut necessitatibus voluptatem repellendus deserunt quas.|Aliquam suscipit iure rerum aut quo at perspiciatis voluptates temporibus. Sed consequatur recusandae porro consequatur delectus quis nemo autem veritatis.|Pants|$305.00
65|Licensed Granite Shoes|Tenetur perspiciatis iusto fugiat.|Maxime officia aliquid in sed reiciendis aliquid labore qui. Occaecati quod aspernatur in eaque.|Fish|$486.00
66|Ergonomic Fresh Bacon|Consequatur consequatur qui.|Ab possimus est facilis est vel sapiente voluptatum. Ut ipsum id nostrum deleniti.|Towels|$956.00
67|Incredible Plastic Fish|Sed qui quis consequatur et.|In tempore aut eius neque. Velit eos voluptas.|Computer|$330.00
68|Fantastic Rubber Chair|Ex eveniet enim dignissimos quia dolor.|Similique nisi voluptas provident architecto nulla. Doloribus et dolorem earum placeat qui hic.|Sausages|$595.00
69|Licensed Fresh Chips|Ullam illum eaque accusantium cumque modi doloremque qui optio non.|Esse qui quo occaecati illo officiis dolor. Non vel sint reprehenderit dicta.|Ball|$230.00
70|Intelligent Frozen Sausages|Vitae consectetur natus delectus ut dignissimos eaque facere corporis.|Impedit aliquam ut ab eius consequuntur et voluptatem sunt. Eum et temporibus quo dolorem libero explicabo eaque.|Bacon|$818.00
71|Gorgeous Rubber Pizza|Debitis unde architecto corporis.|Repellendus qui doloribus id autem. Aut aspernatur sed nemo nobis quia in vel.|Car|$727.00
72|Refined Steel Cheese|Similique sed ut provident.|Ipsam animi tempore nam eum cupiditate ut et. Mollitia magni eius sint maxime esse nam aliquam voluptates.|Bacon|$579.00
73|Rustic Fresh Gloves|Tempore sit porro praesentium aliquid consectetur sed nulla sint quam.|Labore et accusantium. Quod distinctio amet necessitatibus esse expedita laboriosam asperiores.|Tuna|$290.00
74|Intelligent Soft Cheese|Laudantium nulla et sint.|Eos aut minus dignissimos nostrum. Provident nostrum quas velit velit.|Shirt|$25.00
75|Awesome Plastic Gloves|Cum rerum ratione eos.|Mollitia occaecati eaque animi veniam. Blanditiis adipisci suscipit enim.|Bacon|$860.00
76|Unbranded Wooden Chicken|Autem sint quibusdam ut error cumque cum et est harum.|Sequi molestiae et et nisi eum sunt eos vero minima. Eos ex itaque facere non tenetur labore.|Car|$551.00
77|Tasty Metal Sausages|Debitis est itaque aut voluptatem sit accusamus aliquid illum.|Suscipit fugit consectetur. Consequatur corporis ut accusantium ut magnam voluptatem maiores pariatur vero.|Cheese|$95.00
78|Practical Wooden Ball|Possimus ut cumque molestiae quidem.|Pariatur voluptatem ea. Earum laboriosam odio tempora pariatur ad optio non.|Towels|$550.00
79|Handmade Plastic Mouse|Quibusdam est vitae doloremque in.|Architecto excepturi nihil id. Rerum dolore corporis.|Shoes|$455.00
80|Sleek Concrete Bike|Non quam officiis omnis.|Quas porro sequi est nemo quibusdam beatae beatae. Accusamus ea sapiente quod nulla.|Sausages|$869.00
81|Handcrafted Metal Tuna|Voluptas et optio maxime officia nostrum et et aut officia.|Incidunt voluptas consequatur consectetur quia ut fugiat ad omnis. Perferendis iste omnis unde eos.|Pants|$233.00
82|Rustic Wooden Mouse|Repellat pariatur perferendis itaque illum quidem.|Fugit eligendi excepturi pariatur dicta id nostrum. Corrupti autem sed ad sed facere est est.|Fish|$236.00
83|Refined Soft Table|Quia maxime impedit quisquam vero accusantium natus debitis suscipit.|In itaque animi molestiae sunt ad ipsam cupiditate et in. Velit quis hic assumenda voluptas cupiditate.|Chicken|$149.00
84|Gorgeous Steel Chair|Aliquid consectetur expedita eos.|Amet laboriosam in magni et earum ullam et. Optio aut et quae aliquam exercitationem.|Car|$608.00
85|Sleek Frozen Hat|Iure quibusdam nulla quia et saepe eos voluptate dolor.|Repellendus et porro eius nobis delectus inventore laudantium iusto qui. Sequi quidem ut voluptas.|Car|$60.00
86|Generic Steel Salad|Recusandae eligendi qui itaque.|Et aut qui et nulla aut corporis animi officia. Perspiciatis nobis voluptatem unde sed accusamus ut.|Car|$500.00
87|Fantastic Fresh Bacon|Non non dolorum incidunt rerum cum.|Rem dolor itaque et quas mollitia nostrum. Ratione vel est.|Fish|$885.00
88|Intelligent Soft Shoes|Ut tempore ducimus.|Porro mollitia libero quidem rerum. Quaerat quisquam et dolorem enim a culpa deserunt et.|Fish|$851.00
89|Refined Steel Chicken|Labore reiciendis quidem ipsam quaerat sunt sed.|Est fugit quaerat laudantium aut sit impedit provident sit. Similique repudiandae repudiandae aliquam autem.|Shirt|$448.00
90|Ergonomic Cotton Bacon|Quia quidem quia corporis quia provident dolor eum praesentium laboriosam.|Qui omnis possimus. Quis consequatur aut.|Car|$188.00
91|Fantastic Plastic Bike|Libero facere nihil dolores dolorem voluptatem ab dignissimos.|Sed sapiente omnis laborum quae dolorem illo. Mollitia harum ipsa repellendus.|Towels|$720.00
92|Gorgeous Steel Pants|Quisquam odio rerum veritatis.|Repellat dolores nostrum. Magni minima tempore enim nam autem quis qui.|Chips|$108.00
93|Licensed Metal Sausages|Sit mollitia omnis veritatis quis et incidunt voluptatem et.|Est sit veritatis. Soluta quo et magni sed ex sed possimus maiores ut.|Ball|$520.00
94|Licensed Concrete Chair|Ut voluptates cupiditate.|Voluptatem quo nihil quis. Non vel nemo earum incidunt delectus ipsa sequi qui ex.|Sausages|$915.00
95|Small Frozen Gloves|Debitis facere voluptatem.|Voluptatem alias sed ea. Provident suscipit nam maiores quam suscipit praesentium tempore.|Gloves|$311.00
96|Small Cotton Pizza|Sed sint architecto itaque voluptatum reiciendis quo illo.|Voluptas in incidunt autem reprehenderit et consequuntur adipisci est repellendus. Quia illo amet eos et consequuntur et vero enim quisquam.|Sausages|$791.00
97|Sleek Fresh Tuna|Eligendi quisquam deleniti.|Id earum ea veritatis quibusdam consequatur rem quia ab. Est nemo qui.|Towels|$98.00
98|Handmade Fresh Pizza|Quisquam et veritatis rerum sequi porro.|Qui qui dolore deleniti dolore est debitis rerum accusamus. Aliquid accusantium atque accusantium itaque et velit beatae.|Soap|$67.00
99|Licensed Concrete Gloves|Praesentium aperiam exercitationem id ut qui.|Libero sunt aperiam maiores nesciunt. Laborum expedita neque repellat ea.|Ball|$631.00
100|Refined Fresh Chicken|Quo non quod vel impedit occaecati quisquam consectetur fuga nobis.|Omnis reprehenderit expedita non modi laboriosam quidem ullam occaecati. Aliquam earum voluptates incidunt dolore saepe.|Hat|$157.00
